{"cameraMode":{"drawMode":0,"name":"Shaded","section":"Shading Mode"},"sceneLighting":true,"audioPlay":false,"sceneViewState":{"m_AlwaysRefresh":false,"showFog":true,"showSkybox":true,"showFlares":true,"showImageEffects":true,"showParticleSystems":true,"showVisualEffectGraphs":true,"m_FxEnabled":true},"in2DMode":false,"pivot":{"x":-0.6484718322753906,"y":1.288848876953125,"z":23.825937271118165},"rotation":{"x":0.18607674539089204,"y":-0.23014338314533235,"z":0.043825261294841769,"w":0.9544176459312439},"size":6.6474432945251469,"orthographic":false}